{
  "HttpConfig": {
    "Host": "",
    "Port": 9090,
    "SSL": false,
    "CertificateFile": "",
    "CertificatePassword": "",
    "MaxBodyLength": 2097152,
    "OutputStackTrace": true,
    "StaticResurceType": "xml;svg;woff;woff2;jpg;jpeg;gif;png;js;html;htm;css;txt;ico;zip;rar",
    "DefaultPage": "index.html;index.htm",
    "NotLoadFolder": "\\Files;\\Images;\\Data",
    "NoGzipFiles": "jpg;jpeg;png;gif;png;ico;zip;rar;bmp",
    "CacheFiles": "html;htm;js;css",
    "BufferSize": 8192,
    "WebSocketMaxRPS": 30,
    "CacheLogLength": 1000,
    "BufferPoolMaxMemory": 2000,
    "MaxConnections": 100000,
    "LogToConsole": true,
    "WriteLog": true,
    "LogLevel": "Error",
  }
}