﻿{"PluginsStatus":{"default_consul":false,"default_ip_concurrent_limits":false,"default_jwt_authenticate":false,"default_request_cache_reader":false,"default_request_cache_writer":false,"default_request_log_to_db":false,"default_request_log_to_file":false,"default_url_concurrent_limits":false},"AgentMaxConnection":200,"AgentRequestQueueSize":2000,"GatewayQueueSize":800,"OutputServerAddress":false,"StatisticsEnabled":true,"StatisticsExts":"","WSEnabled":false,"BufferSize":4096,"PoolMaxSize":51200,"InstanceID":"9579d5520cc14ab3b441b0e9b8ba60c9","Servers":[{"Uri":"http://192.168.2.18:9090/","MaxConnections":200,"Category":null,"Remark":null,"Properties":[]}],"Urls":[{"Servers":[{"Url":"http://192.168.2.18:9090/","Weight":0,"MaxRps":0}],"PluginConfig":{"Requesting":[],"AgentRequesting":[],"HeaderWriting":[],"Requested":[],"ResponseError":[]},"Url":"*","Remark":null,"HashPattern":null,"MaxRps":0},{"Servers":[],"PluginConfig":{"Requesting":["configuration_website_icon"],"AgentRequesting":[],"HeaderWriting":[],"Requested":[],"ResponseError":[]},"Url":"^/favicon\\.ico","Remark":null,"HashPattern":null,"MaxRps":0},{"Servers":[],"PluginConfig":{"Requesting":["configuration_static_resources"],"AgentRequesting":[],"HeaderWriting":[],"Requested":[],"ResponseError":[]},"Url":"^/__system.*","Remark":null,"HashPattern":null,"MaxRps":0}],"PluginConfig":{"Requesting":["default_url_concurrent_limits","default_ip_concurrent_limits","default_request_cache_reader","default_jwt_authenticate"],"AgentRequesting":[],"HeaderWriting":[],"Requested":["default_request_log_to_file","default_request_log_to_db"],"ResponseError":[]}}